name,id,tier,rarity,tech/manufacturer,tags,uiTags,base value,unlocked,hidden,hiddenEverywhere,cost_frigate,cost_dest,cost_cruiser,cost_capital,script,desc,New Column,short,sModDesc,sprite
星灵能量矩阵,xel_ProtossEnergyArray,,,,,,,,TRUE,,0,0,0,0,data.hullmods.xel_ProtossEnergyArray,"为适应英仙座的宇宙环境，星灵的相位技师们改装原本的灵能矩阵并用作舰船的能量来源。


--舰船护盾无需幅能维持
--舰船护盾保持开启
--抑制舰船过载，但发生过载将导致护盾下线 %s
--降低 %s 护盾被EMP电弧穿透的概率
--护盾承受的 %s 硬幅能伤害转换为软幅能
--护盾开启时，舰船以 %s 正常排散速率额外排散辐能",,星灵舰船的能源核心,,graphics/hullmods/xel_ProtossEnergyArray.png
灵能水晶矩阵,xel_PsionicCrystalArray,,,,,,,,TRUE,,0,0,0,0,data.hullmods.xel_PsionicCrystalArray,"英仙座的环境并不足以支持星灵的灵能矩阵大展拳脚。尽管代价高昂，但相位技师们的高超技巧依然能够让矩阵再次散发光辉。


--星灵""相位""舰船使用灵能能力进入虚空，而非使用相位线圈潜入 P 空间
--舰船船拥有 %s 能量值
--进入虚空后每秒消耗 %s 能量值
--退出虚空后每秒恢复 %s 能量值
--能量值低于 %s 时无法进入虚空",,神秘的灵能矩阵，至少星灵们会把这样的能量称为灵能,,graphics/hullmods/xel_PsionicCrystalArray.png
,,,,,,,,,,,,,,,,,,,,
矩阵充能器,xel_ArrayBattery,,,星灵科技,req_spaceport,"需要船坞,矩阵协调模组",,,,,5,8,15,25,data.hullmods.xel_ArrayBattery,"适配星灵能量矩阵的协调模组之一，着重强调续航能力


--根据舰船级别，提高 %s 幅能容量
--根据舰船级别，提高 %s 幅能排散
--提高 %s 舰船强制排散速率",,为星灵舰船提供更强大的续航能力,额外增加 %s 幅能容量和幅能排散,graphics/hullmods/xel_ArrayBattery.png
控制芯核,xel_CyberneticsCore,,,星灵科技,req_spaceport,"需要船坞,矩阵协调模组",,,,,5,8,15,25,data.hullmods.xel_CyberneticsCore,"适配星灵能量矩阵的协调模组之一，着重强调火控能力


--提高 %s 自动开火精度
--降低 %s 武器所需的开火幅能，根据硬幅能水平至多降低 %s",,为星灵舰船全面更新火控系统,额外降低 %s 武器开火幅能，并提高 %s 武器火力,graphics/hullmods/xel_CyberneticsCore.png
谐振盘,xel_ResonanceCoil,,,星灵科技,req_spaceport,"需要船坞,矩阵协调模组",,,,,5,8,15,25,data.hullmods.xel_ResonanceCoil,"适配星灵能量矩阵的协调模组之一，着重强调防御能力

--根据舰船等级，降低舰船 %s 幅能容量
--进入战斗后，在 %s 峰值时间内，缓慢恢复失去的幅能容量
--调整舰船护盾/装甲防御性能",,为星灵舰船重新构造防御结构,提高 %s 舰船结构抵抗，并改善谐振盘防御调整效果,graphics/hullmods/xel_ResonanceCoil.png
,,,,,,,,,,,,,,,,,,,,
萨尔纳伽虚空阵列,xel_VoidArray,,,星灵科技,req_spaceport,"需要船坞,矩阵响应模组",,,,,5,8,15,25,data.hullmods.xel_VoidArray,"来自萨尔纳伽-古代星灵的遗产，以极其高效的方式构造上行数据链路，为战机、航母提供可靠的战斗支援。


--降低 %s 战备下降速率并提高 %s 战备恢复速率
--根据幅能点数额外提供 %s (最高 %s ) 上诉两项增益
--降低 %s 舰载机的人员损失
--舰载机远离母舰 %s 后，逐渐降低舰载机最大航速和火力，至多降低 %s 最大航速和 %s 火力",,来自古代星灵的遗产，为航母提供高效支援,,graphics/hullmods/xel_VoidArray.png
净化者协议,xel_PurifiersProtocol,,,星灵科技,,矩阵响应模组,,,,,5,8,15,25,data.hullmods.xel_PurifiersProtocol,"改造控制系统以适配净化者网络，令舰船可以由净化者们远程操控。由于不再需要考虑船员的生命需求，舰船将可以完全无视安全协议进行改装并搭载某些危险的实验性组件。


--舰船无最低船员需求，并降低 %s 可搭载最大船员数量
--峰值时间耗尽后，提高 %s 战备值 (CR) 的衰减速率
--舰船的 %s 将改造为实验版本",,"改造舰船控制系统，使其变得更加""危险""",,graphics/hullmods/xel_PurifiersProtocol.png
血水晶共鸣,xel_BloodShard,,,星灵科技,,矩阵响应模组,,,,,5,8,15,25,data.hullmods.xel_BloodShard,"也许把经由塔达林改造的高能水晶阵列搬上舰船是一个错误的决定，但在带来的提升面前，这些代价已经不值一提。


--根据舰船级别，战斗视野范围提高 %s，并提高 %s 实弹和能量武器射程
--自身对锁定目标额外造成 %s 伤害
--提高 %s 的每月维护所需补给
--降低 %s 峰值时间",,增强舰载战斗雷达，提高维护需求且降低峰值时间,,graphics/hullmods/xel_BloodShard.png
重力加速器,xel_GraviticBoosters,,,星灵科技,,矩阵响应模组,,,,,5,8,15,25,data.hullmods.xel_GraviticBoosters,"原本是应用于侦测器的推进器，通过制造重力场以产生推力。经过一番改造后，此类推进器也能安装在战斗舰船上了。


--根据舰船质量，提高最大航速 (最高 %s ) 和机动性 (最高 %s )
--当前最大速度提高 %s
--当前机动性提高 %s
--提高 %s 零幅能加速",,提高舰船的机动性的最高航速,,graphics/hullmods/xel_GraviticBoosters.png
相位反应堆,xel_PhaseReactor,,,星灵科技,,矩阵响应模组,,,,,5,8,15,25,data.hullmods.xel_PhaseReactor,"相位反应堆可以安全地储存虚空中的能量，这些能量将保护舰船装甲，抵御更具威胁的攻击。在舰体受损的情况下，反应堆也能紧急调用虚空能量修复舰体，但这会令其效率大打折扣。


--提供 %s 舰船默认面板装甲值的装甲计算值
--降低 %s 装甲最大减伤率
--每秒恢复 %s 最大结构值或 %s 结构值，取二者中较低值
--恢复的总结构值达到 %s 最大结构值后，降低 %s 恢复效果和 %s 提供的装甲计算值",,,,graphics/hullmods/xel_PhaseReactor.png
,,,,,,,,,,,,,,,,,,,,
熔流旋叶,xel_FluxVanes,,,星灵科技,,,,,,,0,0,0,0,data.hullmods.xel_FluxVanes,"辉光-级巡洋舰的推进器利用了英仙座的工艺进行改造，在降低制造成本的同时，又维持住了原本的效率。

--零幅能加速激活时，提高 %s 最大速度
--零幅能加速失效时，提高 %s 机动性
--%s",,,,graphics/hullmods/xel_FluxVanes.png
刚毅护盾,xel_HardenedShield,,,星灵科技,,,,,,,0,0,0,0,data.hullmods.xel_HardenedShield,"""我的决心无可动摇。""

--护盾受到的最高伤害不超过 %s 最大幅能容量",,,,graphics/hullmods/xel_HardenedShield.png
赛托斯氧化物,xel_SythosOxide,,,星灵科技,,,,,,,0,0,0,0,data.hullmods.xel_SythosOxide,"赛托斯氧化物似乎可以模糊维度间的界限，其神秘的性质一度将英仙座的科学家们笼罩在阴影中。


--零幅能加速能够在 %s 幅能水平下生效
--降低 %s 受到的除 EMP 伤害外的所有类型的伤害
--%s",,,,graphics/hullmods/xel_SythosOxide.png
,,,,,,,,,,,,,,,,,,,,
#复仇协议,,,,,,,,,,,,,,,,,,,,
#永恒屏障,,,,,,,,,,,,,,,,,,,,
,,,,,,,,,,,,,,,,,,,,
debug插件,xel_DebugHullmod,,,debug,,,,,,,0,0,0,0,data.hullmods.xel_DebugHullmod,测试测试,,,,